<?xml version="1.0" encoding="UTF-8" standalone="yes"?>
<hawkPluginMetaData>
    <bgRun>false</bgRun>
    <classpath>
        <jar>
            <desc>hawkeye plugin</desc>
            <path>hawkeye-1.0.jar</path>
        </jar>
    </classpath>
    <configuration>
        <configXML>config.xml</configXML>
        <hawkConfigClazz>org.cricket.hawkeye.plugin.HawkEyePluginConfig</hawkConfigClazz>
        <parserClazz>org.cricket.hawkeye.plugin.HawkEyePluginConfiguration</parserClazz>
        <springConfigClazz>org.cricket.hawkeye.plugin.HawkEyeSpringConfig</springConfigClazz>
    </configuration>
    <logPath>.</logPath>
    <pluginModuleClazz>
        <clazz>org.cricket.hawkeye.db.InningFetcher</clazz>
    </pluginModuleClazz>
    <pluginModuleClazz>
        <clazz>org.cricket.hawkeye.db.GroundFetcher</clazz>
    </pluginModuleClazz>
    <pluginModuleClazz>
        <clazz>org.cricket.hawkeye.db.CountryFetcher</clazz>
    </pluginModuleClazz>
    <pluginModuleClazz>
        <clazz>org.cricket.hawkeye.db.PlayerFetcher</clazz>
    </pluginModuleClazz>
    <software>
        <about>This is a software about analyzing cricket data collected from cricinfo.com</about>
        <category>Sports Analytics</category>
        <contributor>
            <address>#1993,AECS Layout,A Block,Singasandra, Bangalore-560068,Karnataka,India</address>
            <authorType>INDIVIDUAL</authorType>
            <contactNo>+91-9740319263</contactNo>
            <email>abeautifulmind98@gmail.com</email>
            <name>Manoranjan Sahu</name>
            <website>http://www.j-hawk.in</website>
        </contributor>
        <name>hawkeye</name>
        <releaseDate>2018-07-07T16:24:19.819+05:30</releaseDate>
        <version>
            <version>13.10</version>
        </version>
        <website>http://www.j-hawk.in</website>
    </software>
</hawkPluginMetaData>
